Group,Distance,Age_shield,Sample_Name,Sr,Nd,Hf
HAWAII - KILAUEA,0,0.15,BHVO-2,0.703478,6.808029183,10.50267871
HAWAII - KILAUEA,0,0.15,s_KL-01-KWWS-92 [1496] / s_KL-01 [2661],0.70359,6.261826268,11.66964302
HAWAII - KILAUEA,0,0.15,s_HW2 [7966],0.703582,6.57394222,11.22266032
HAWAII - KILAUEA,0,0.15,s_1960 [224],0.70358,7.646840801,12.16471878
HAWAII - KILAUEA,0,0.15,s_K208-7 [15983],0.703541,6.398376997,12.27080644
HAWAII - KILAUEA,0,0.15,s_K208-3 [15983],0.703578,6.183797281,11.24529236
HAWAII - KILAUEA,0,0.15,s_S709-5 [15983],0.703558,6.144782787,11.35138002
HAWAII - KILAUEA,0,0.15,s_S505-9B [15983],0.703826,4.798782748,10.14905317
HAWAII - KILAUEA,0,0.15,s_K207-16 [15983],0.703608,5.93020307,11.98790601
HAWAII - KILAUEA,0,0.15,s_K207-19 [15983],0.703513,6.710492948,11.31601747
HAWAII - KILAUEA,0,0.15,s_K207-17 [15983],0.703604,5.891188577,11.84645579
HAWAII - KILAUEA,0,0.15,s_S509-6C [15983],0.703573,5.325478415,11.98790601
HAWAII - KILAUEA,0,0.15,s_S504-3B [15983],0.703652,6.027739305,11.70500557
HAWAII - KILAUEA,0,0.15,s_S504-2B [15983],0.703685,6.047246552,11.74036812
HAWAII - KILAUEA,0,0.15,s_S505-10B [15983],0.703622,6.651971207,11.77573068
HAWAII - KILAUEA,0,0.15,s_S504-2A [15983],0.703669,4.915826229,12.05863112
HAWAII - KILAUEA,0,0.15,s_S509-4B [15983],0.703531,5.832666836,11.31601747
HAWAII - KILAUEA,0,0.15,s_S506-1 [15983],0.703658,5.852174083,12.6951571
HAWAII - KILAUEA,0,0.15,s_S709-4 [15983],0.703572,5.832666836,11.17456725
HAWAII - KILAUEA,0,0.15,s_S709-9 [15983],0.703569,6.456898738,11.24529236
HAWAII - KILAUEA,0,0.15,s_K209-8A [15983],0.70365,5.696116107,12.05863112
HAWAII - KILAUEA,0,0.15,s_S506-7B [15983],0.703439,8.388116185,12.37689411
HAWAII - KILAUEA,0,0.15,s_S506-6A [15983],0.703583,6.964087158,12.55370688
HAWAII - KILAUEA,0,0.15,s_S506-8C [15983],0.703498,6.82753643,11.66964302
HAWAII - KILAUEA,0,0.15,s_S506-8A [15983],0.70353,6.63246396,12.09399367
HAWAII - KILAUEA,0,0.15,s_K209-1B [15983],0.703588,6.63246396,11.59891791
HAWAII - KILAUEA,0,0.15,s_K208-9 [15983],0.703595,6.593449466,12.16471878
HAWAII - KILAUEA,0,0.15,s_HW11-2 [7966],0.703574,6.651971207,10.62963028
HAWAII - KILAUEA,0,0.15,s_HW1 [7966],0.703595,6.554434973,11.22690383
HAWAII - KILAUEA,0,0.15,s_HW9 [7966],0.703556,6.495913232,11.35633078
HAWAII - KILAUEA,0,0.15,s_HW29 [7966],0.703508,6.242319022,11.19472391
HAWAII - KILAUEA,0,0.15,s_HW24 [7966],0.703509,6.612956713,10.95355128
HAWAII - KILAUEA,0,0.15,s_HW7-3 [7966],0.703534,6.047246552,10.85913326
HAWAII - KILAUEA,0,0.15,s_HW6 [7966],0.703459,6.82753643,11.19826016
HAWAII - KILAUEA,0,0.15,s_HW27 [7966],0.703591,6.515420479,10.83508673
HAWAII - KILAUEA,0,0.15,s_HW22 [7966],0.703464,6.866550924,11.03523879
HAWAII - KILAUEA,0,0.15,s_HW21 [7966],0.70346,6.769014689,10.99987623
HAWAII - KILAUEA,0,0.15,s_1963 [5216],0.70358,7.354232097,12.51834433
HAWAII - KILAUEA,0,0.15,s_K98-3 [15983],0.703701,5.071884205,11.88181834
HAWAII - MAUNA LOA,30,0.24,s_R153-3.05 [2] / s_R153 [1],0.703618,6.339855256,11.03311703
HAWAII - MAUNA LOA,30,0.24,s_R121-2.45 [2] / s_R-121 [17258] / s_R-114 [17258],0.703734,6.027739305,10.60876638
HAWAII - MAUNA LOA,30,0.24,s_R068-1.25 [2] / s_R-68 [17258],0.703805,5.637594366,10.4319536
HAWAII - MAUNA LOA,30,0.24,s_R110-3.10 [2] / s_R-110 [17258],0.703709,6.008232058,10.57340382
HAWAII - MAUNA LOA,30,0.24,s_R091-2.30 [2] / s_R-91 [17258],0.703679,6.164290034,10.85630426
HAWAII - MAUNA LOA,30,0.24,s_R126-0.90 [2] / s_R-126 [17258],0.703698,6.066753799,10.85630426
HAWAII - MAUNA LOA,30,0.24,s_HW35 [7966],0.70389,4.038000117,9.034425447
HAWAII - MAUNA LOA,30,0.24,s_HW33 [7966],0.703915,4.077014611,8.927630532
HAWAII - MAUNA LOA,30,0.24,s_HW32 [7966],0.703786,5.325478415,10.26327422
HAWAII - MAUNA LOA,30,0.24,s_HW31 [7966],0.70376,5.540058132,10.20881588
HAWAII - MAUNA LOA,30,0.24,s_HW34 [7966],0.703809,4.954840723,10.13243277
HAWAII - MAUNA LOA,30,0.24,s_HW30 [7966],0.703755,5.384000156,10.84428099
HAWAII - MAUNA LOA,30,0.24,s_L00 002 [17258],0.703876,5.208434934,9.371076967
HAWAII - MAUNA LOA,30,0.24,s_L91 55 [17258],0.703764,6.320348009,10.46731616
HAWAII - MAUNA LOA,30,0.24,s_L00 003 [17258],0.703753,6.261826268,10.96239192
HAWAII - MAUNA LOA,30,0.24,s_L93 753 [17258],0.70393,4.97434797,9.512527185
HAWAII - MAUNA LOA,30,0.24,s_L87 235 [17258],0.703732,5.988724811,10.4319536
HAWAII - MAUNA LOA,30,0.24,s_L91 564 [17258],0.703932,5.540058132,10.21977828
HAWAII - MAUNA LOA,30,0.24,s_L93 733 [17258],0.703907,4.701246513,9.229626748
HAWAII - MAUNA LOA,30,0.24,s_L00 503 [17258],0.703746,6.222811775,10.53804127
HAWAII - MAUNA LOA,30,0.24,s_J2-020-23 [17258],0.703681,6.047246552,10.85630426
HAWAII - MAUNA LOA,30,0.24,s_L00 506 [17258],0.703714,6.261826268,10.96239192
HAWAII - MAUNA LOA,30,0.24,s_L00 525 [17258],0.7037,5.93020307,10.25514083
HAWAII - MAUNA LOA,30,0.24,s_L00 014 [17258],0.703757,6.281333515,10.71485404
HAWAII - MAUNA LOA,30,0.24,s_184-13 [20340],0.703686,6.261826268,10.8209417
HAWAII - MAUNA LOA,30,0.24,s_J2-20-14 [20340] / s_J2-020-14 [17258],0.703681,6.495913232,11.28065491
HAWAII - MAUNA LOA,30,0.24,s_J2-20-20 [20340] / s_J2-020-20 [17258],0.703691,5.969217564,10.64412893
HAWAII - MAUNA LOA,30,0.24,s_J2-19-10 [20340] / s_J2-019-10 [17258],0.703677,5.969217564,10.18441572
HAWAII - MAUNA LOA,30,0.24,s_M26-14-2 [17258],0.703765,5.735130601,10.32586594
HAWAII - MAUNA LOA,30,0.24,s_M27-11-3 [17258],0.703772,6.047246552,10.67949149
HAWAII - MAUNA LOA,30,0.24,s_M19-2-1 [17258],0.70384,4.486666797,10.0429655
HAWAII - MAUNA LOA,30,0.24,s_M30-1-2 [17258],0.703739,5.715623354,10.29050339
HAWAII - MAUNA LOA,30,0.24,s_M17-2-2 [17258],0.703661,6.12527554,10.71485404
HAWAII - MAUNA LOA,30,0.24,s_M19-17-1 [17258],0.703812,4.876811736,9.972240395
HAWAII - MAUNA LOA,30,0.24,s_M8-1-2 [17258],0.703688,6.300840762,10.7502166
HAWAII - MAUNA LOA,30,0.24,s_M4-14-1 [17258],0.703668,6.027739305,10.92702937
HAWAII - MAUNA LOA,30,0.24,s_M22-4-3 [17258],0.703669,6.027739305,10.57340382
HAWAII - MAUNA LOA,30,0.24,s_M14-32-4 [17258],0.703691,6.164290034,10.53804127
HAWAII - MAUNA LOA,30,0.24,s_J2-020-01 [17258],0.703818,4.915826229,7.744399455
HAWAII - MAUNA LOA,30,0.24,s_M18-17-1 [17258],0.703679,6.476405985,11.03311703
HAWAII - MAUNA LOA,30,0.24,s_J2-016-01 [17258],0.703768,6.105768293,10.46731616
HAWAII - MAUNA LOA,30,0.24,s_184-10 [17258],0.70368,5.910695823,10.60876638
HAWAII - MAUNA LOA,30,0.24,s_J2-019-22 [17258],0.70368,6.105768293,10.32586594
HAWAII - MAUNA LOA,30,0.24,s_J2-019-19 [17258],0.703748,5.403507403,9.760065067
HAWAII - MAUNA LOA,30,0.24,s_J2-020-03 [17258],0.703682,6.164290034,10.85630426
HAWAII - MAUNA LOA,30,0.24,s_J2-020-09 [17258],0.703668,6.183797281,10.8209417
HAWAII - MAUNA LOA,30,0.24,s_J2-020-03 [17258],0.703674,6.105768293,10.3612285
HAWAII - MAUNA LOA,30,0.24,s_M13-2-4 [17258],0.703667,6.730000195,11.74036812
HAWAII - MAUNA LOA,30,0.24,s_J2-019-04 [17258],0.703746,5.540058132,9.441802076
HAWAII - MAUNA LOA,30,0.24,s_M14-20-4 [17258],0.703738,5.657101613,10.14905317
HAWAII - MAUNA LOA,30,0.24,s_J2-019-08 [17258],0.703697,5.520550885,9.441802076
HAWAII - MAUNA LOA,30,0.24,s_J2-019-01 [17258],0.703703,5.910695823,10.32586594
HAWAII - MAUNA LOA,30,0.24,s_M12-3-4 [17258],0.703607,6.12527554,10.57340382
HAWAII - MAUNA LOA,30,0.24,s_M13-12-4 [17258],0.703659,5.579072625,10.50267871
HAWAII - MAUNA LOA,30,0.24,s_M13-21-4 [17258],0.703667,6.534927726,10.67949149
HAWAII - MAUNA LOA,30,0.24,s_184-12 [20340],0.703694,6.281333515,10.57340382
HAWAII - MAUNA LOA,30,0.24,s_184-7 [20340],0.70382,5.149913193,9.93687784
HAWAII - MAUNA LOA,30,0.24,s_185-5 [20340],0.703772,5.559565379,10.14905317
HAWAII - MAUNA LOA,30,0.24,s_184-8 [6121],0.703668,6.12527554,10.71485404
HAWAII - MAUNA LOA,30,0.24,s_185-10 [6121],0.703683,6.086261046,10.64412893
HAWAII - MAUNA LOA,30,0.24,s_184-11 [6121],0.703654,6.398376997,11.24529236
HAWAII - MAUNA LOA,30,0.24,s_184-2 [6121],0.703725,6.105768293,10.64412893
HAWAII - MAUNA LOA,30,0.24,s_184-9 [6121],0.703677,6.359362503,11.17456725
HAWAII - MAUNA KEA,54,0.34,s_HSDP-R158-0.05A [7] / s_R158-0.05A [1300],0.7035,6.37886975,12.48298177
HAWAII - MAUNA KEA,54,0.34,s_HSDP-R166-5.25A [7] / s_R166-5.25A [1300],0.703517,6.12527554,12.16471878
HAWAII - MAUNA KEA,54,0.34,s_HSDP-R189-8.50A [414] / s_R189-8.50A [1300] / s_HSDPR189-8.50A [8],0.703516,6.261826268,12.16471878
HAWAII - MAUNA KEA,54,0.34,s_HSDP-R197-0.80A [7] / s_R197-0.80A [1300] / s_HSDPR197-.80A [8],0.703509,6.417884244,12.09399367
HAWAII - MAUNA KEA,54,0.34,s_HSDP-R212-0.40A [414] / s_R212-0.40A [1300] / s_HSDPR212-.40A [8],0.703563,6.359362503,11.84645579
HAWAII - MAUNA KEA,54,0.34,s_HSDP-R215-7.20A [7] / s_R215-7.20A [1300] / s_HSDPR215-7.2A [8],0.703581,6.63246396,12.58906943
HAWAII - MAUNA KEA,54,0.34,s_HSDP-R229-0.05A [7] / s_R229-0.05A [1300] / s_HSDPR229-.05A [8],0.703537,6.37886975,11.66964302
HAWAII - MAUNA KEA,54,0.34,s_HSDP-R243-8.40A [414] / s_R243-8.40A [1300] / s_HSDPR243-8.40A [8],0.703589,6.12527554,11.84645579
HAWAII - MAUNA KEA,54,0.34,s_HSDP-R303-3.00A [414] / s_R303-3.00A [1300] / s_HSDPR303-3.0A [8],0.703561,6.203304528,11.45746769
HAWAII - MAUNA KEA,54,0.34,s_HSDP-R319-1.30A [7] / s_R319-1.30A [1300] / s_HSDPR319-1.3A [8],0.703547,6.593449466,11.49283024
HAWAII - MAUNA KEA,54,0.34,s_HSDP-R333-2.10A [7] / s_R333-2.10A [1300],0.703525,6.066753799,11.49283024
HAWAII - MAUNA KEA,54,0.34,s_HSDP-R347-6.35A [414] / s_R347-6.35A [1300] / s_HSDPR347-6.35A [8],0.703562,6.086261046,11.49283024
HAWAII - MAUNA KEA,54,0.34,s_HSDP-R365-0.05A [414] / s_R365-0.05A [1300] / s_HSDPR365-.05A [8],0.703522,6.105768293,12.12935622
HAWAII - MAUNA KEA,54,0.34,s_HSDP-R382-4.35A [7] / s_R382-4.35A [1300] / s_HSDPR382-4.35A [8],0.703533,5.988724811,11.56355535
HAWAII - MAUNA KEA,54,0.34,s_HSDP-R401-4.90A [7] / s_R401-4.90A [1300],0.703634,5.657101613,11.84645579
HAWAII - MAUNA KEA,54,0.34,s_HSDP-R413-1.40A [414] / s_R413-1.40A [1300] / s_HSDPR413-1.4A [8],0.703499,6.008232058,11.5281928
HAWAII - MAUNA KEA,54,0.34,s_HSDP-R419-5.30A [7] / s_R419-5.30A [1300],0.703658,5.793652342,11.17456725
HAWAII - MAUNA KEA,54,0.34,s_HSDP-R431-3.70A [7] / s_R431-3.70A [1300] / s_HSDPR431-3.7A [8],0.703598,5.832666836,11.35138002
HAWAII - MAUNA KEA,54,0.34,s_HSDP-R442-2.10A [7] / s_R442-2.10A [1300] / s_HSDPR442-2.1A [8],0.703625,6.066753799,11.70500557
HAWAII - MAUNA KEA,54,0.34,s_HSDP-R446-2.40A [414] / s_R446-2.40A [1300] / s_HSDPR446-2.4A [8],0.703544,5.910695823,11.5281928
HAWAII - MAUNA KEA,54,0.34,s_HSDP-R452-3.90A [7] / s_R452-3.90A [1300],0.703579,6.008232058,11.63428046
HAWAII - MAUNA KEA,54,0.34,s_HSDP-R463-6.00A [7] / s_R463-6.00A [1300],0.703623,5.735130601,11.10384214
HAWAII - MAUNA KEA,54,0.34,s_HSDP-R466-5.00A [414] / s_R466-5.00A [1300],0.703596,5.579072625,11.63428046
HAWAII - MAUNA KEA,54,0.34,s_SR0157-6.25 [7011],0.703562,6.047246552,11.66964302
HAWAII - MAUNA KEA,54,0.34,s_SR0167-5.90 [7011],0.703624,6.105768293,11.98790601
HAWAII - MAUNA KEA,54,0.34,s_SR0175-5.25 [7011],0.703606,5.481536391,11.84645579
HAWAII - MAUNA KEA,54,0.34,s_SR0184-2.80 [7011],0.703591,6.086261046,12.97805753
HAWAII - MAUNA KEA,54,0.34,s_SR0193-0.00 [7011],0.703547,5.988724811,12.65979454
HAWAII - MAUNA KEA,54,0.34,s_SR0205-1.30 [7011],0.703607,5.481536391,12.62443199
HAWAII - MAUNA KEA,54,0.34,s_SR0212-8.20 [7011],0.703612,5.715623354,12.97805753
HAWAII - MAUNA KEA,54,0.34,s_SR0222-2.00 [7011],0.703583,5.403507403,12.05863112
HAWAII - MAUNA KEA,54,0.34,s_SR0232-8.50 [7011],0.703597,5.754637848,11.56355535
HAWAII - MAUNA KEA,54,0.34,s_SR0240-3.30 [7011],0.703583,5.559565379,12.83660732
HAWAII - MAUNA KEA,54,0.34,s_SR0256-0.95 [7011],0.703597,6.086261046,11.95254345
HAWAII - MAUNA KEA,54,0.34,s_SR0267-6.85 [7011],0.703565,5.696116107,12.34153155
HAWAII - MAUNA KEA,54,0.34,s_SR0276-7.85 [7011],0.703595,5.520550885,12.20008133
HAWAII - MAUNA KEA,54,0.34,s_SR0284-1.75 [7011],0.703599,5.67660886,12.09399367
HAWAII - MAUNA KEA,54,0.34,s_SR0294-7.65 [7011],0.703643,5.559565379,12.16471878
HAWAII - MAUNA KEA,54,0.34,s_SR0300-6.50 [7011],0.703583,5.208434934,12.44761922
HAWAII - MAUNA KEA,54,0.34,s_SR0311-4.40 [7011],0.703602,5.774145095,12.23544389
HAWAII - MAUNA KEA,54,0.34,s_SR0328-3.10 [7011],0.703559,5.501043638,11.70500557
HAWAII - MAUNA KEA,54,0.34,s_SR0340-1.00 [7011],0.703601,5.813159589,12.09399367
HAWAII - MAUNA KEA,54,0.34,s_SR0346-5.60 [7011],0.703595,5.188927687,11.88181834
HAWAII - MAUNA KEA,54,0.34,s_SR0354-7.75 [7011],0.703607,5.403507403,11.77573068
HAWAII - MAUNA KEA,54,0.34,s_SR0372-2.80 [7011],0.703582,5.657101613,11.66964302
HAWAII - MAUNA KEA,54,0.34,s_SR0379-3.00 [7011],0.703579,5.442521897,11.45746769
HAWAII - MAUNA KEA,54,0.34,s_SR0392-4.30 [7011],0.703584,5.735130601,11.84645579
HAWAII - MAUNA KEA,54,0.34,s_SR0401-2.85 [7011],0.703598,5.793652342,11.66964302
HAWAII - MAUNA KEA,54,0.34,s_SR0413-3.10 [7011],0.703613,5.891188577,12.44761922
HAWAII - MAUNA KEA,54,0.34,s_SR0423-3.65 [7011],0.703552,5.657101613,12.16471878
HAWAII - MAUNA KEA,54,0.34,s_SR0431-8.50 [7011],0.703608,5.032869711,11.5281928
HAWAII - MAUNA KEA,54,0.34,s_SR0441-9.10 [7011],0.703631,5.540058132,11.88181834
HAWAII - MAUNA KEA,54,0.34,s_SR0450-3.55 [7011],0.703571,5.735130601,11.74036812
HAWAII - MAUNA KEA,54,0.34,s_SR0455-7.40 [7011],0.703622,5.403507403,12.44761922
HAWAII - MAUNA KEA,54,0.34,s_SR0472-1.00 [7011],0.703575,5.462029144,11.95254345
HAWAII - MAUNA KEA,54,0.34,s_SR0490-1.50 [7011],0.703618,5.754637848,12.23544389
HAWAII - MAUNA KEA,54,0.34,s_SR0502-4.85 [7011],0.703641,5.540058132,11.95254345
HAWAII - MAUNA KEA,54,0.34,s_SR0518-0.80 [7011],0.703603,5.481536391,11.84645579
HAWAII - MAUNA KEA,54,0.34,s_SR0545-8.35 [7011],0.703503,6.63246396,11.95254345
HAWAII - MAUNA KEA,54,0.34,s_SR0548-8.00 [7011],0.7036,5.364492909,11.77573068
HAWAII - MAUNA KEA,54,0.34,s_SR0560-7.50 [7011],0.703591,5.735130601,12.55370688
HAWAII - MAUNA KEA,54,0.34,s_SR0574-1.90 [7011],0.703565,5.735130601,12.09399367
HAWAII - MAUNA KEA,54,0.34,s_SR0582-10.00 [7011],0.70354,5.637594366,12.55370688
HAWAII - MAUNA KEA,54,0.34,s_SR0594-8.70 [7011],0.703567,5.637594366,12.27080644
HAWAII - MAUNA KEA,54,0.34,s_SR0603-8.90 [7011],0.70351,5.87168133,12.97805753
HAWAII - MAUNA KEA,54,0.34,s_SR0604-2.50 [7011],0.703533,5.910695823,12.55370688
HAWAII - MAUNA KEA,54,0.34,s_SR0622-7.10 [7011],0.703574,5.637594366,12.16471878
HAWAII - MAUNA KEA,54,0.34,s_SR0630-6.20 [7011],0.703598,5.130405946,11.81109323
HAWAII - MAUNA KEA,54,0.34,s_SR0641-1.00 [7011],0.703592,5.559565379,11.63428046
HAWAII - MAUNA KEA,54,0.34,s_SR0655-4.00 [7011],0.703558,7.276203109,11.95254345
HAWAII - MAUNA KEA,54,0.34,s_SR0664-5.10 [7011],0.703591,5.462029144,11.42210513
HAWAII - MAUNA KEA,54,0.34,s_SR0675-6.90 [7011],0.703639,5.579072625,11.66964302
HAWAII - MAUNA KEA,54,0.34,s_SR0683-5.75 [7011],0.703619,5.403507403,11.84645579
HAWAII - MAUNA KEA,54,0.34,s_SR0694-9.00 [7011],0.70345,5.793652342,12.34153155
HAWAII - MAUNA KEA,54,0.34,s_SR0705-0.15 [7011],0.703679,5.091391452,10.78557915
HAWAII - MAUNA KEA,54,0.34,s_SR0714-11.55 [7011],0.703524,5.618087119,11.5281928
HAWAII - MAUNA KEA,54,0.34,s_SR0720-18.25 [7011],0.703608,5.364492909,11.38674258
HAWAII - MAUNA KEA,54,0.34,s_SR0723-13.70 [7011],0.70359,5.403507403,12.16471878
HAWAII - MAUNA KEA,54,0.34,s_SR0732-1.10 [7011],0.703628,5.130405946,11.24529236
HAWAII - MAUNA KEA,54,0.34,s_SR0741-7.90 [7011],0.70365,5.052376958,11.38674258
HAWAII - MAUNA KEA,54,0.34,s_SR0750-12.45 [7011],0.703653,4.818289995,10.96239192
HAWAII - MAUNA KEA,54,0.34,s_SR0756-13.25 [7011],0.703629,4.954840723,10.92702937
HAWAII - MAUNA KEA,54,0.34,s_SR0762-4.60 [7011],0.703652,5.091391452,11.31601747
HAWAII - MAUNA KEA,54,0.34,s_SR0768-11.20 [7011],0.703579,5.793652342,11.42210513
HAWAII - MAUNA KEA,54,0.34,s_SR0776-17.70 [7011],0.703577,5.501043638,11.81109323
HAWAII - MAUNA KEA,54,0.34,s_SR0778-3.20 [7011],0.703598,5.754637848,11.74036812
HAWAII - MAUNA KEA,54,0.34,s_SR0791-9.50 [7011],0.703601,5.286463921,11.70500557
HAWAII - MAUNA KEA,54,0.34,s_SR0796-6.70 [6456],0.703606,5.16942044,11.70500557
HAWAII - MAUNA KEA,54,0.34,s_SR0800-13.20 [7011],0.70362,5.071884205,11.59891791
HAWAII - MAUNA KEA,54,0.34,s_SR0814-14.40 [7011],0.703641,5.598579872,11.5281928
HAWAII - MAUNA KEA,54,0.34,s_SR0826-20.60 [7011],0.703588,5.110898699,10.99775448
HAWAII - MAUNA KEA,54,0.34,s_SR0836-5.80 [7011],0.703637,4.935333476,11.59891791
HAWAII - MAUNA KEA,54,0.34,s_SR0842-2.35 [7011],0.703617,5.032869711,11.35138002
HAWAII - MAUNA KEA,54,0.34,s_SR0846-2.80 [7011] / s_SR0846-2.8 [6966],0.703547,5.754637848,12.306169
HAWAII - MAUNA KEA,54,0.34,s_SR0850-5.95 [7011],0.703578,5.793652342,11.77573068
HAWAII - MAUNA KEA,54,0.34,s_SR0855-0.10 [7011],0.703509,5.344985662,12.12935622
HAWAII - MAUNA KEA,54,0.34,s_SR0860-8.10 [7011],0.703554,5.42301465,11.77573068
HAWAII - MAUNA KEA,54,0.34,s_SR0871-13.00 [7011],0.703661,4.818289995,11.70500557
HAWAII - MAUNA KEA,54,0.34,s_SR0891-15.10 [7011],0.703571,5.247449427,11.74036812
HAWAII - MAUNA KEA,54,0.34,s_SR0896-2.40 [7011],0.703613,5.305971168,11.42210513
HAWAII - MAUNA KEA,54,0.34,s_SR0899-2.45 [7011],0.70365,5.208434934,11.35138002
HAWAII - MAUNA KEA,54,0.34,s_SR0907-1.65 [7011],0.703557,5.42301465,11.24529236
HAWAII - MAUNA KEA,54,0.34,s_SR0913-2.40 [7011],0.703541,7.120145134,11.77573068
HAWAII - MAUNA KEA,54,0.34,s_SR0916-1.15 [7011],0.70354,5.735130601,12.05863112
HAWAII - MAUNA KEA,54,0.34,s_SR0930-15.85 [7011],0.70358,5.442521897,11.45746769
HAWAII - MAUNA KEA,54,0.34,s_SR0939-18.10 [7011],0.703516,5.754637848,11.98790601
HAWAII - MAUNA KEA,54,0.34,s_SR0940-18.35 [7011],0.703611,4.896318983,11.20992981
HAWAII - MAUNA KEA,54,0.34,s_SR0954-8.00 [7011],0.703728,7.393246591,11.84645579
HAWAII - MAUNA KEA,54,0.34,s_SR0956-18.35 [7011],0.703535,5.442521897,11.9171809
HAWAII - MAUNA KEA,54,0.34,s_SR0964-4.30 [7011],0.703551,5.696116107,11.88181834
HAWAII - MAUNA KEA,54,0.34,s_SR0967-2.75 [7011],0.70359,5.657101613,11.28065491
HAWAII - MAUNA KEA high CaO,54,0.34,R684-9.0-9.2,0.703041,9.500029261,16.79721343
HAWAII - MAUNA KEA high CaO,54,0.34,R685-5.5-6.1,0.703155,8.407623432,15.63024913
HAWAII - MAUNA KEA high CaO,54,0.34,R686-3.9-4.1,0.703143,8.700232136,15.48879891
HAWAII - MAUNA KEA high CaO,54,0.34,R686-4.5-4.7,0.703151,8.583188655,15.52416147
HAWAII - MAUNA KEA high CaO,54,0.34,R686-4.9-5.1,0.703157,8.544174161,15.20589847
HAWAII - MAUNA KEA high CaO,54,0.34,R686-7.7-7.9,0.703158,8.700232136,15.52416147
HAWAII - MAUNA KEA high CaO,54,0.34,R686-9.5-9.7,0.703147,8.758753877,15.55952402
HAWAII - MAUNA KEA high CaO,54,0.34,R687-8.5-8.8,0.70315,8.349101691,15.8070619
HAWAII - MAUNA KEA high CaO,54,0.34,R688-0.0-0.4,0.703149,8.505159667,15.48879891
HAWAII - MAUNA KEA high CaO,54,0.34,R689-1.2-1.4,0.70316,8.622203148,15.06444826
HAWAII - MAUNA KEA high CaO,54,0.34,R689-4.6-4.8,0.703144,8.563681408,15.20589847
HAWAII - MAUNA KEA high CaO,54,0.34,R696-1.0-1.6,0.703175,7.412753838,14.71082271
HAWAII - MAUNA KEA high CaO,54,0.34,R696-2.1-2.3,0.703168,8.154029222,14.81691037
HAWAII - MAUNA KEA high CaO,54,0.34,R696-6.5-6.7,0.70316,8.446637926,15.06444826
HAWAII - MAUNA KEA high CaO,54,0.34,R696-9.4-9.6,0.703177,8.563681408,14.85227293
HAWAII - MAUNA KEA high CaO,54,0.34,R698-1.4-1.6,0.703198,8.154029222,14.78154782
HAWAII - MAUNA KEA high CaO,54,0.34,R698-2.6-2.7,0.703178,8.095507481,14.92299804
HAWAII - MAUNA KEA high CaO,54,0.34,R698-8.3-8.5,0.703198,8.193043716,14.88763548
HAWAII - MAUNA KEA high CaO,54,0.34,R698-9.1-9.3,0.703214,8.310087197,14.71082271
HAWAII - MAUNA KEA high CaO,54,0.34,R699-3.7-4.0,0.70324,7.724869789,14.42792227
HAWAII - MAUNA KEA high CaO,54,0.34,R699-5.4-5.6,0.703248,7.841913271,14.46328483
HAWAII - MAUNA KEA high CaO,54,0.34,R699-8.4-8.6,0.70327,7.841913271,13.8621214
HAWAII - MAUNA KEA high CaO,54,0.34,R700-2.9-3.1,0.703245,8.115014728,14.46328483
HAWAII - MAUNA KEA high CaO,54,0.34,R700-3.6-3.8,0.70326,7.900435012,14.2511095
HAWAII - HUALALAI,60,0.44,K218-1,0.703759,5.462029144,10.46731616
HAWAII - HUALALAI,60,0.44,K218-3A,0.703735,5.618087119,10.67949149
HAWAII - HUALALAI,60,0.44,K218-5,0.703731,5.598579872,10.78557915
HAWAII - HUALALAI,60,0.44,K218-R12,0.703735,5.579072625,10.64412893
HAWAII - HUALALAI,60,0.44,K218-R13,0.703741,5.696116107,10.53804127
HAWAII - HUALALAI,60,0.44,K218-R14,0.703731,5.520550885,10.57340382
HAWAII - HUALALAI,60,0.44,K218-R2A,0.703736,5.735130601,10.85630426
HAWAII - HUALALAI,60,0.44,K218-R7,0.703716,5.598579872,10.7502166
HAWAII - HUALALAI,60,0.44,K218-R8,0.703728,5.579072625,10.60876638
HAWAII - HUALALAI,60,0.44,K218-R9A,0.703734,5.598579872,10.8209417
HAWAII - HUALALAI,60,0.44,K219-13,0.703709,5.93020307,11.66964302
HAWAII - HUALALAI,60,0.44,K219-4A,0.703681,5.715623354,10.57340382
HAWAII - HUALALAI,60,0.44,K219-9,0.703682,5.832666836,10.53804127
HAWAII - HUALALAI,60,0.44,K219-R1,0.70374,5.774145095,11.1392047
HAWAII - HUALALAI,60,0.44,K219-R2,0.703718,5.715623354,10.46731616
HAWAII - HUALALAI,60,0.44,K219-R3,0.703686,5.520550885,11.63428046
HAWAII - HUALALAI,60,0.44,K219-R8,0.703662,5.774145095,11.5281928
HAWAII - HUALALAI,60,0.44,S690-1B,0.703708,5.657101613,10.53804127
HAWAII - HUALALAI,60,0.44,S690-1D,0.703787,4.623217525,9.54788974
HAWAII - HUALALAI,60,0.44,S690-2C,0.703777,4.759768254,9.54788974
HAWAII - HUALALAI,60,0.44,S690-3A,0.703797,4.350116068,9.689339958
HAWAII - HUALALAI,60,0.44,S690-3D,0.703772,4.233072586,9.583252294
HAWAII - HUALALAI,60,0.44,S690-4B,0.703801,4.27208708,9.583252294
HAWAII - HUALALAI,60,0.44,S690-6A,0.703683,5.67660886,10.50267871
HAWAII - HUALALAI,60,0.44,S690-7A,0.703681,5.637594366,10.46731616
HAWAII - HUALALAI,60,0.44,S690-8A,0.703699,5.188927687,10.60876638
HAWAII - HUALALAI,60,0.44,S690-8B,0.703693,4.954840723,10.53804127
HAWAII - HUALALAI,60,0.44,S692-13,0.703767,4.798782748,10.32586594
HAWAII - HUALALAI,60,0.44,S692-14,0.703768,4.623217525,10.0429655
HAWAII - HUALALAI,60,0.44,S692-15,0.703756,4.584203031,10.11369061
HAWAII - KOHALA,100,0.9,s_W3 [118],0.703651,7.139652381,11.42210513
HAWAII - KOHALA,100,0.9,s_W4 [118] / s_W-4 [11841],0.703652,6.769014689,11.63428046
HAWAII - KOHALA,100,0.9,s_KO-CAMP [24336],0.703622,6.82753643,11.77573068
HAWAII - KOHALA,100,0.9,s_KO1-27 [24336],0.703696,6.612956713,11.42210513
HAWAII - KOHALA,100,0.9,s_KO3-6 [24336],0.703687,6.222811775,10.99775448
HAWAII - KOHALA,100,0.9,s_W9 [118],0.7036,6.866550924,11.66964302
HAWAII - KOHALA,100,0.9,s_MG1 [118],0.703632,6.651971207,11.42210513
HAWAII - KOHALA,100,0.9,s_MG3 [118],0.703595,6.847043677,11.49283024
HAWAII - KOHALA,100,0.9,s_MG3A [118],0.703621,6.866550924,11.49283024
HAWAII - KOHALA,100,0.9,s_MG4A [118],0.703634,6.964087158,11.42210513
HAWAII - KOHALA,100,0.9,s_MG5A [118],0.703616,7.022608899,11.45746769
HAWAII - KOHALA,100,0.9,s_MG6A [118],0.703622,7.100637887,11.45746769
HAWAII - KOHALA,100,0.9,s_C-53 [211],0.70366,8.03698574,12.51834433
HAWAII - KOHALA,100,0.9,s_C-62 [211],0.70354,6.82753643,12.65979454
HAWAII - KOHALA,100,0.9,s_C-66 [211],0.70369,7.510290073,13.50849585
HAWAII - MAHUKONA,130,0.5,s P73-4,0.703819,6.027739305,10.92702937
HAWAII - MAHUKONA,130,0.5,s F288HW-D16-2,0.70361,6.905565418,11.9171809
HAWAII - MAHUKONA,130,0.5,s P73-5,0.70374,5.715623354,10.64412893
HAWAII - MAHUKONA,130,0.5,s P72-5,0.703555,7.061623393,12.05863112
HAWAII - MAHUKONA,130,0.5,s TUIM01-D6ñ6,0.703675,5.832666836,10.64412893
HAWAII - MAHUKONA,130,0.5,s P65-7,0.703589,6.964087158,12.16471878
HAWAII - MAHUKONA,130,0.5,s P65-8B,0.703584,7.022608899,12.23544389
HAWAII - MAHUKONA,130,0.5,s P72-7,0.703565,6.964087158,11.98790601
HAWAII - MAHUKONA,130,0.5,s P75-4,0.70373,6.164290034,10.92702937
HAWAII - MAHUKONA,130,0.5,s D18-6,0.703657,5.910695823,10.67949149
HAWAII - MAHUKONA,130,0.5,s P72-8,0.703557,7.139652381,11.98790601
HAWAII - MAHUKONA,130,0.5,s P65-5,0.703565,6.925072664,11.84645579
HAWAII - MAHUKONA,130,0.5,s P65-6,0.703585,7.139652381,11.84645579
HAWAII - MAHUKONA,130,0.5,s P5-72-1,0.703671,5.227942181,10.11369061
HAWAII - MAHUKONA,130,0.5,s P65-1,0.703557,6.886058171,11.77573068
HAWAII - MAHUKONA,130,0.5,s D17,0.703593,6.847043677,11.77573068
HAWAII - MAHUKONA,130,0.5,s P72-3,0.703643,5.130405946,10.07832806
HAWAII - MAHUKONA,130,0.5,s P73-3,0.703735,6.144782787,10.89166681
HAWAII - MAHUKONA,130,0.5,s P75-1,0.703572,6.964087158,12.12935622
MAUI - HALEAKALA,182,1.5,s_C-121 [318],0.703729,6.476405985,10.89166681
MAUI - HALEAKALA,182,1.5,s_C-124 [313],0.703678,6.730000195,11.1392047
MAUI - HALEAKALA,182,1.5,s_C-126 [211],0.703797,6.047246552,10.57340382
MAUI - HALEAKALA,182,1.5,s_HO-21 [313],0.70375,6.242319022,11.42210513
MAUI - HALEAKALA,182,1.5,s_HO-23 [313],0.70381,6.105768293,10.57340382
MAUI - HALEAKALA,182,1.5,s_HO-19 [313],0.70379,6.242319022,11.06847959
MAUI - HALEAKALA,182,1.5,s_HO-12 [313],0.70364,6.242319022,11.35138002
MAUI - HALEAKALA,182,1.5,s_HO-17 [313],0.70387,5.852174083,10.67949149
KAHOOLAWE,185,1.29,s_105 [216] / s_KAH 105 [18020],0.703752,5.579072625,10.46731616
KAHOOLAWE,185,1.29,s_21 [216] / s_KAH 21 [8517],0.704161,3.979478376,7.885849674
KAHOOLAWE,185,1.29,s_14 [216] / s_KAH 14 [8517],0.704226,3.686869672,7.638311792
KAHOOLAWE,185,1.29,s_31 [216] / s_KAH 31 [8517],0.704073,4.545188538,7.744399455
KAHOOLAWE,185,1.29,s_32 [216] / s_KAH 32 [18020],0.703945,4.662232019,9.371076967
KAHOOLAWE,185,1.29,s_156 [216] / s_KAH 156 [18020],0.703729,5.988724811,10.99775448
KAHOOLAWE,185,1.29,s_KAH 24 [8517],0.7043,3.238202992,6.47134749
KAHOOLAWE,185,1.29,s_KAH 181 [8517],0.704139,4.330608821,7.673674346
KAHOOLAWE,185,1.29,s_KAH 182 [8517],0.704139,4.486666797,7.249323691
KAHOOLAWE,185,1.29,s_KAH 28 [8517],0.70409,3.862434895,7.673674346
KAHOOLAWE,185,1.29,s_KAH 13 [8517],0.704049,4.740261007,9.229626748
KAHOOLAWE,185,1.29,s_KAH 75 [8517] / s_75 [216],0.70416,4.389130562,7.178598582
KAHOOLAWE,185,1.29,s_KAH 25 [8517],0.704091,4.525681291,8.133387556
KAHOOLAWE,185,1.29,s_KAH 185 [8517],0.70419,3.940463882,6.9310607
KAHOOLAWE,185,1.29,s_KAH 71 [8517] / s_71 [216],0.703937,5.305971168,9.371076967
MAUI - WEST MAUI,221,1.8,s_MA270 [7196],0.703368,7.763884283,12.23544389
MAUI - WEST MAUI,221,1.8,s_MA1020 [7196],0.703372,7.256695863,12.20008133
MAUI - WEST MAUI,221,1.8,s_MA970 [7196],0.703402,7.841913271,11.49283024
MAUI - WEST MAUI,221,1.8,s_MA945 [7196],0.703488,7.997971246,12.20008133
MAUI - WEST MAUI,221,1.8,s_MA520 [7196],0.703452,7.78339153,12.09399367
MAUI - WEST MAUI,221,1.8,s_MA330 [7196],0.703404,7.549304567,11.20992981
MAUI - WEST MAUI,221,1.8,s_MA320 [7196],0.703565,7.276203109,12.23544389
MAUI - WEST MAUI,221,1.8,s_MA190 [7196],0.703598,7.510290073,12.16471878
MAUI - WEST MAUI,221,1.8,s_MA650 [8662],0.7035,6.651971207,12.02326856
MAUI - WEST MAUI,221,1.8,s_MA910 [8662],0.70347,7.490782826,11.81109323
MAUI - WEST MAUI,221,1.8,s_MA800 [8662],0.703468,7.198174122,12.80124476
MAUI - WEST MAUI,221,1.8,s_MA410 [8662],0.703563,7.315217603,11.42210513
MAUI - WEST MAUI,221,1.8,s_LP05 [7196],0.703574,7.120145134,11.74036812
MAUI - WEST MAUI,221,1.8,s_LP10 [7196],0.703626,6.866550924,11.03311703
MAUI - WEST MAUI,221,1.8,s_UP43 [7196],0.703596,7.198174122,11.42210513
MAUI - WEST MAUI,221,1.8,s_LP01 [7196],0.703511,7.217681369,11.59891791
MAUI - WEST MAUI,221,1.8,s_LP03 [7196],0.703499,6.964087158,11.63428046
MAUI - WEST MAUI,221,1.8,s_UP47 [7196],0.703634,6.866550924,11.1392047
MAUI - WEST MAUI,221,1.8,s_UP46 [8662],0.703497,6.983594405,11.10384214
MAUI - WEST MAUI,221,1.8,s_UP37 [8662],0.703572,7.412753838,11.49283024
MAUI - WEST MAUI,221,1.8,s_LP11 [8662],0.703593,7.159159628,11.1392047
MAUI - WEST MAUI,221,1.8,s_LP16 [8662],0.70362,7.061623393,11.95254345
MAUI - WEST MAUI,221,1.8,s_WA19 [7196],0.703494,6.983594405,11.70500557
MAUI - WEST MAUI,221,1.8,s_OL32 [7196],0.703457,7.393246591,12.37689411
MAUI - WEST MAUI,221,1.8,s_OL30 [7196],0.703549,7.588319061,12.65979454
MAUI - WEST MAUI,221,1.8,s_LT27 [7196],0.703605,7.139652381,11.42210513
MAUI - WEST MAUI,221,1.8,s_WA12 [7196],0.703567,7.666348048,12.76588221
MAUI - WEST MAUI,221,1.8,s_OL29 [7196],0.703631,7.295710356,11.77573068
MAUI - WEST MAUI,221,1.8,s_WA04 [7196],0.703669,7.178666875,11.28065491
MAUI - WEST MAUI,221,1.8,s_LT22 [7196],0.70365,7.373739344,11.84645579
MAUI - WEST MAUI,221,1.8,s_OL31 [7196],0.70349,8.056492987,12.73051965
LANAI,226,1.32,s_99PRAK-8 [8516],0.704187,2.36037688,6.718885372
LANAI,226,1.32,s_AH95-53 [20340],0.704336,2.048260929,7.744399455
LANAI,226,1.32,s_AH95-51 [20340],0.704189,3.784405907,8.274837774
LANAI,226,1.32,s_AH95-46 [20340] / s_AH95-48 [20340],0.704243,2.672492831,7.072510918
LANAI,226,1.32,s_AH95-39 [20340],0.704299,1.814173966,6.683522818
LANAI,226,1.32,s_AH95-45 [20340],0.704241,2.243333398,7.39077391
LANAI,226,1.32,s_AH95-36 [20340],0.704241,2.243333398,6.966423254
LANAI,226,1.32,s_AH95-44 [20340],0.704235,2.926087041,7.072510918
LANAI,226,1.32,s_RTH88-K1 [8516],0.70437,1.20944931,5.587283625
LANAI,226,1.32,s_RTH86-K61 [8516],0.704373,1.092405829,4.950757643
LANAI,226,1.32,s_96 L-3 [8516],0.704115,3.31623198,7.991937338
LANAI,226,1.32,s_96 L-1 [8516],0.704129,3.472289956,8.451650547
LANAI,226,1.32,s_96 L-10 [8516],0.704223,2.692000078,7.532224128
LANAI,226,1.32,s_RTH88-K2 [8516],0.70437,1.306985545,5.375108298
LANAI,226,1.32,s_99PRAK-9 [8516],0.704132,2.887072547,6.259172163
LANAI,226,1.32,s_96 L-2 [8516],0.704123,3.56982619,8.098025001
LANAI,226,1.32,s_96 L-6 [8516],0.704075,3.959971129,9.08817653
LANAI,226,1.32,s_RTH86-K64 [8516],0.704125,3.218695745,7.461499019
LANAI,226,1.32,s_RTH86-K200 [8516],0.703947,4.408637809,9.300351857
LANAI,226,1.32,s_96 L-11 [8516],0.704068,3.530811697,8.416287993
LANAI,226,1.32,s_99PRAK-13 [8516],0.70436,1.541072508,5.940909171
LANAI,226,1.32,s_RTH86-K207 [8516],0.704007,3.940463882,9.123539084
LANAI,226,1.32,s_RTH86-K206 [8516],0.703971,3.920956635,8.840638648
WEST MOLOKAI,280,2,s_T307-R2 [10692],0.704098,1.482550768,6.046996835
WEST MOLOKAI,280,2,s_74WMOL-13 [10692],0.703815,5.910695823,10.14905317
WEST MOLOKAI,280,2,s_74WMOL-5 [10692],0.703762,5.891188577,10.50267871
WEST MOLOKAI,280,2,s_815-GEO-1 [10692],0.703733,6.222811775,10.57340382
WEST MOLOKAI,280,2,s_804-GEO-1 [10692],0.703757,6.222811775,10.50267871
WEST MOLOKAI,280,2,s_T307-R1 [10692],0.703697,6.320348009,11.49283024
WEST MOLOKAI,280,2,s_89KAA-2 [10692],0.703592,7.139652381,11.49283024
WEST MOLOKAI,280,2,s_808-GEO-1 [10692],0.70372,6.398376997,10.64412893
WEST MOLOKAI,280,2,s_T307-R4 [10692],0.703666,7.276203109,12.58906943
PENGUIN BANK,295,2.3,samp. MV-D10-R2,0.703773,6.144782787,10.71485404
PENGUIN BANK,295,2.3,samp. MV-D10-R4,0.703768,5.949710317,10.85630426
PENGUIN BANK,295,2.3,samp. MV-D10-R5,0.70376,6.300840762,10.8209417
PENGUIN BANK,295,2.3,samp. P5-255-7,0.703759,6.339855256,11.03311703
PENGUIN BANK,295,2.3,samp. P5-255-8,0.703753,6.281333515,10.99775448
PENGUIN BANK,295,2.3,samp. P5-255-9,0.703648,6.57394222,11.31601747
PENGUIN BANK,295,2.3,samp. P5-255-10,0.70365,6.612956713,11.49283024
PENGUIN BANK,295,2.3,samp. P5-255-11,0.703651,6.554434973,11.45746769
PENGUIN BANK,295,2.3,samp. HIG1972-D4-1,0.703883,5.501043638,10.18441572
PENGUIN BANK,295,2.3,samp. HIG1972-D4-2,0.703854,5.403507403,10.18441572
OAHU - KOOLAU,339,3.3,s_S497-7 [11395],0.703576,5.988724811,9.993811553
OAHU - KOOLAU,339,3.3,s_S497-3 [11395],0.703487,6.944579911,10.47686405
OAHU - KOOLAU,339,3.3,s_S499-6B [11395],0.703527,6.964087158,11.21452694
OAHU - KOOLAU,339,3.3,s_S498-4 [15560],0.70355,6.730000195,11.87828209
OAHU - KOOLAU,339,3.3,s_K90-1 [11395],0.703707,5.579072625,11.36163516
OAHU - KOOLAU,339,3.3,s_K90-3 [11395],0.703634,6.534927726,12.46636137
OAHU - KOOLAU,339,3.3,s_D5-18 [11395],0.703603,6.495913232,11.27570416
OAHU - KOOLAU,339,3.3,s_D4-1 [11395],0.703513,7.022608899,11.80614248
OAHU - KOOLAU,339,3.3,s_D4-2 [11395],0.703537,6.944579911,11.72940573
OAHU - KOOLAU,339,3.3,s_D6-1 [11395],0.703512,7.276203109,11.90904751
OAHU - KOOLAU,339,3.3,s_S499-6A [15560],0.703582,6.866550924,10.96663543
OAHU - KOOLAU,339,3.3,s_S497-6 [11395],0.703596,6.320348009,10.80043142
OAHU - KOOLAU,339,3.3,s_S496-6C [11395],0.70393,2.750521819,6.303728981
OAHU - KOOLAU,339,3.3,s_S496-6E [11395],0.703932,2.750521819,6.188447053
OAHU - KOOLAU,339,3.3,s_WAF-36 [13537],0.704137,1.716637731,5.73934261
OAHU - KOOLAU,339,3.3,s_S500-9A [13537],0.703974,2.789536313,7.087363191
OAHU - KOOLAU,339,3.3,s_S500-1 [13537],0.703995,2.926087041,6.932475202
OAHU - KOOLAU,339,3.3,s_WAF-39 [13537],0.704075,2.145797164,6.405926764
OAHU - KOOLAU,339,3.3,s_PM7 [11395],0.704083,2.165304411,6.136110473
OAHU - KOOLAU,339,3.3,s_D7-1 [11395],0.703976,3.121159511,6.830277419
OAHU - KOOLAU,339,3.3,s_KOL14 [11395],0.704196,1.443536274,5.007691356
OAHU - KOOLAU,339,3.3,s_KOL48 [11395],0.704146,1.521565261,5.267606132
OAHU - KOOLAU,339,3.3,s_PM1 [11395],0.703889,3.862434895,7.302367523
OAHU - KOOLAU,339,3.3,s_KOL43 [11395],0.70402,2.594463843,6.456848843
OAHU - KOOLAU,339,3.3,s_K89-6 [11395],0.70396,3.179681252,6.914086674
OAHU - KOOLAU,339,3.3,s_WAF-2 [11395],0.704156,1.638608743,5.127570416
OAHU - KOOLAU,339,3.3,s_LK1 [11395],0.703777,4.642724772,8.811287727
OAHU - KOOLAU,339,3.3,s_LK2 [11395],0.703768,4.915826229,8.955213325
OAHU - KOOLAU,339,3.3,s_LK3 [11395],0.703766,5.696116107,9.036900826
OAHU - KOOLAU,339,3.3,s_LK4 [11395],0.703667,5.247449427,9.77173471
OAHU - KOOLAU,339,3.3,s_S500-5B [13124],0.703967,3.082145017,6.921866436
OAHU - KOOLAU - MAKAPUU,339,3.3,KM-1,0.704141,1.521565261,5.092207861
OAHU - KOOLAU - MAKAPUU,339,3.3,KM-2,0.704134,1.482550768,5.16293297
OAHU - KOOLAU - MAKAPUU,339,3.3,KM-3,0.704205,1.306985545,5.092207861
OAHU - KOOLAU - MAKAPUU,339,3.3,KM-4,0.704333,-0.195072469,4.278869106
OAHU - KOOLAU - MAKAPUU,339,3.3,KM-5,0.704096,2.098589626,5.976271726
OAHU - KOOLAU - MAKAPUU,339,3.3,KM-6,0.704088,2.145797164,6.153084499
OAHU - KOOLAU - MAKAPUU,339,3.3,KM-7,0.704332,1.111913076,5.304383189
OAHU - KOOLAU - MAKAPUU,339,3.3,KM-8,0.704275,0.50718842,4.703219761
OAHU - KOOLAU - MAKAPUU,339,3.3,KM-9,0.704316,-0.214579716,4.420319324
OAHU - KOOLAU - MAKAPUU,339,3.3,KM-10,0.704367,-0.721768137,3.92524356
OAHU - KOOLAU - MAKAPUU,339,3.3,KM-11,0.704039,3.140666758,7.178598582
OAHU - KOOLAU - MAKAPUU,339,3.3,KM-12,0.704134,1.521565261,5.905546617
OAHU - KOOLAU - MAKAPUU,339,3.3,KM-13,0.704136,1.599594249,5.375108298
OAHU - KOOLAU - MAKAPUU,339,3.3,KM-14,0.704136,2.028753682,6.08235939
OAHU - KOOLAU - MAKAPUU,339,3.3,KM-15,0.704156,1.599594249,5.375108298
OAHU - KOOLAU - MAKAPUU,339,3.3,KM-16,0.704478,-1.111913076,3.606980568
OAHU - KOOLAU - MAKAPUU,339,3.3,KM-17,0.704181,1.638608743,5.375108298
WEST KAENA,440,4,samp. 296-25,0.703733,6.222811775,9.335714412
WEST KAENA,440,4,samp. 296-26,0.703755,5.891188577,10.11369061
WEST KAENA,440,4,samp. 305-04,0.70392,4.096521858,8.769913539
WEST KAENA,440,4,samp. 305-07,0.703716,5.696116107,9.618614849
WEST KAENA,440,4,samp. 305-09,0.70371,5.774145095,9.229626748
WEST KAENA,440,4,samp. 305-14,0.703816,4.896318983,8.911363757
WEST KAENA,440,4,samp. 306-01,0.703709,5.481536391,9.760065067
WEST KAENA,440,4,samp. 306-05,0.703723,5.754637848,9.47716463
WEST KAENA,440,4,samp. 306-09,0.704119,4.174550846,6.754247927
WEST KAENA,440,4,samp. 306-11,0.704137,4.174550846,6.895698145
WEST KAENA,440,4,samp. 306-15,0.703798,5.520550885,9.724702513
WEST KAENA,440,4,samp. 306-26,0.70374,5.149913193,8.911363757
WEST KAENA,440,4,samp. 306-27,0.703743,5.130405946,9.08817653
WEST KAENA,440,4,samp. 306-30,0.703759,6.730000195,10.4319536
WEST KAENA,440,4,samp. 305-20,0.70392,4.837797242,8.168750111
WEST KAENA,440,4,samp. 305-24,0.703744,5.696116107,9.653977403
WEST KAENA,440,4,samp. 306-19,0.703837,5.657101613,8.769913539
SOUTH KAUAI SWELL,490,4.2,s_297-18 [19624],0.70371,6.456898738,10.53804127
SOUTH KAUAI SWELL,490,4.2,s_297-26 [19624],0.70365,6.144782787,9.972240395
SOUTH KAUAI SWELL,490,4.2,s_252-04 [19624],0.703692,6.63246396,9.618614849
SOUTH KAUAI SWELL,490,4.2,s_299-23 [19624],0.7036,7.022608899,10.60876638
SOUTH KAUAI SWELL,490,4.2,s_297-11 [19624],0.703746,5.988724811,9.901515285
SOUTH KAUAI SWELL,490,4.2,s_299-29 [19624],0.703725,6.37886975,10.0429655
SOUTH KAUAI SWELL,490,4.2,s_297-07 [19624],0.703718,6.749507442,10.53804127
SOUTH KAUAI SWELL,490,4.2,s_KS3-3 [19624],0.703735,6.417884244,9.760065067
SOUTH KAUAI SWELL,490,4.2,s_252-10 [19624],0.703693,6.788521936,10.71485404
SOUTH KAUAI SWELL,490,4.2,s_299-33 [19624],0.703686,6.788521936,10.4319536
SOUTH KAUAI SWELL,490,4.2,s_297-04 [19624],0.703656,7.139652381,11.10384214
SOUTH KAUAI SWELL,490,4.2,s_299-04 [19624],0.703654,6.866550924,11.20992981
SOUTH KAUAI SWELL,490,4.2,s_299-20 [19624],0.703724,6.710492948,9.972240395
SOUTH KAUAI SWELL,490,4.2,s_298-20 [19624],0.7036,6.925072664,10.92702937
SOUTH KAUAI SWELL,490,4.2,s_298-07 [19624],0.703589,6.964087158,11.45746769
KAUAI,519,5,65GRO-3,0.703818,5.149913,9.357993
KAUAI,519,5,74WAI-11,0.703621,6.788522,10.91536
KAUAI,519,5,76KUK-2,0.703585,6.359363,11.175275
KAUAI,519,5,76POH-2,0.703589,7.217681,11.263327
KAUAI,519,5,86KA-19,0.703709,4.642725,10.775324
KAUAI,519,5,86KA-21,0.703742,5.930203,10.511519
KAUAI,519,5,86KA-20,0.703784,4.896319,9.724703
KAUAI,519,5,74WAI-8,0.703609,6.866551,11.06848
KAUAI,519,5,86KA-1,0.703774,5.520551,9.441802
KAUAI,519,5,KV04-16,0.703758,6.16429,10.042966
KAUAI,519,5,KV04-19,0.703745,6.632464,10.714854
KAUAI,519,5,KV04-21,0.703771,6.125276,10.149053
KAUAI,519,5,KV04-22,0.70383,5.208435,9.83079
KAUAI,519,5,KV04-16,0.703745,6.281334,10.325866
NIIHAU,565,5.5,70NII-23,0.703487,7.451768,11.669643
NIIHAU,565,5.5,75NII-1 ,0.703512,7.29571,11.35138
NIIHAU,565,5.5,75NII-4 ,0.703504,7.178667,11.35138
NIIHAU,565,5.5,75NII-10 ,0.703558,6.690986,11.103842
NIIHAU,565,5.5,T318-R18,0.703567,8.036986,11.910816
NIIHAU,565,5.5,T321-R6,0.703648,7.003102,11.120109
NIIHAU,565,5.5,T322-R17,0.703542,7.666348,11.311067
NIIHAU,565,5.5,T322-R18,0.703535,8.212551,11.591492
NIIHAU,565,5.5,70NII-14  ,0.703563,6.788522,10.997754
NIIHAU,565,5.5,70NII-17 ,0.703547,7.198174,11.35138
NIIHAU,565,5.5,70NII-24 ,0.703628,6.51542,10.467316
NIIHAU,565,5.5,75NII-61 ,0.703623,6.320348,10.467316
NIIHAU,565,5.5,75NII-65 ,0.703468,7.93945,11.952543
NIIHAU,565,5.5,75NII-67 ,0.70347,7.666348,11.881818
NIIHAU,565,5.5,T322-R7,0.703631,7.198174,10.962746
NIIHAU,565,5.5,T322-R13,0.703642,6.94458,11.070601
NWHR,702,7,Middle Bank - 303-04,0.70369,5.1,11.3
NWHR,794,7,Nīhoa - NIH-D4,0.70349,7.6,12.4
NWHR,794,7,Nīhoa - NIH-W-11-1,0.7035,7.4,12.3
NWHR,794,7,Nīhoa - NIH-F9,0.70354,7.3,12.6
NWHR,794,7,Nīhoa - NIH-D-1-2,0.70358,6.3,10.1
NWHR,825,8.8,West Nīhoa - 76-9-11,0.70359,5.9,11
NWHR,920,9.6,Twin Banks - P5-688-1,0.70349,8.1,12.8
NWHR,963,11,Keoea - 72-49A,0.70349,7.9,12.4
NWHR,1080,10,Mokumanamana - NEC-3A,0.70348,7.4,11.4
NWHR,1449,12.3,Gardner - 76-6-7F,0.70351,7.8,13.4
NWHR,1449,12.3,Gardner - 84-40E,0.70338,8.4,14.8
NWHR,1449,12.3,Gardner - 84-39B,0.70344,7.9,14.2
NWHR,1846,26.6,Northampton - 76-5-4DD,0.70362,7.3,12
NWHR,1846,26.6,Northampton - 76-5-4A,0.70361,7.2,12
NWHR,1998,28,Pioneer - P5-524-42,0.7036,6.7,11.1
NWHR,2447,27.6,Midway - R-1316,0.70363,8.3,12.4
NWHR,2447,27.6,Midway - R-1295.6,0.70357,8.3,12.5
NWHR,2608,31,Academician Berg - 84-30G,0.70359,8.1,13
NWHR,2801,31.7,Unnamed - 84-28E,0.7036,8,12.8
NWHR,3520,46.8,Daikakuji - A-55-1,0.7038,5.8,9.2
NWHR,3520,46.8,Daikakuji - A-55-2,0.70378,5.7,9.4
NWHR,3520,46.8,Daikakuji - A-55-4,0.7038,6,9.3
NWHR,3541,46.9,Yuryaku - A-53-1,0.70348,8.4,13